first_name,last_name,email
Jane,Doe,jane.doe@institute.org
John,Mills,john.mills@eth.org
Alice,Smith,alice.smith@utrechtuniversity.nl
Bob,Johnson,bob.johnson@university.edu
Carol,Williams,carol.williams@college.edu
David,Brown,david.brown@school.edu
Eve,Davis,eve.davis@academy.edu
Frank,Miller,frank.miller@institute.edu
Grace,Wilson,grace.wilson@university.edu
Hank,Moore,hank.moore@college.edu
Ivy,Taylor,ivy.taylor@techcorp.com
Jack,Anderson,jack.anderson@innovate.com
Karen,Thomas,karen.thomas@futuretech.com
Leo,Martinez,leo.martinez@digitalworld.com
Mia,Hernandez,mia.hernandez@cybernetics.com
Nina,Lopez,nina.lopez@nanotech.com
Oscar,Gonzalez,oscar.gonzalez@vrventures.com
Paul,Clark,paul.clark@blockchain.com
Quinn,Lewis,quinn.lewis@smartsolutions.com
Rachel,Walker,rachel.walker@techtitans.com
Sam,Hall,sam.hall@digitaltransformation.com
Tina,Allen,tina.allen@innovativetech.com
Uma,Young,uma.young@techsavvy.com
Victor,King,victor.king@robotics.com
Wendy,Scott,wendy.scott@cloudcomputing.com
Xander,Green,xander.green@datascience.com
Yara,Baker,yara.baker@iotinnovations.com
Zane,Nelson,zane.nelson@techevolution.com
Amy,Carter,amy.carter@aipioneers.com
Brian,Mitchell,brian.mitchell@cybersecurity.com
Chloe,Perez,chloe.perez@techdisruptors.com
Dylan,Roberts,dylan.roberts@digitalfuture.com
Ella,Turner,ella.turner@techvisionaries.com
Finn,Phillips,finn.phillips@smarttech.com
Gina,Campbell,gina.campbell@quantumleap.com
